id,title,completed
1,blandit mi in porttitor pede justo eu massa donec dapibus duis at velit eu est congue elementum,true
2,augue a suscipit nulla elit ac nulla sed vel enim sit amet nunc viverra dapibus nulla suscipit ligula,true
3,rhoncus aliquam lacus morbi quis tortor id nulla ultrices aliquet maecenas,false
4,nulla suspendisse potenti cras in purus eu magna vulputate luctus cum sociis natoque penatibus et magnis,true
5,ut suscipit a feugiat et eros vestibulum ac est lacinia nisi venenatis tristique fusce,false
6,velit eu est congue elementum in hac habitasse platea dictumst morbi vestibulum velit id pretium iaculis diam erat,true
7,pulvinar sed nisl nunc rhoncus dui vel sem sed sagittis nam congue risus semper,true
8,nulla pede ullamcorper augue a suscipit nulla elit ac nulla sed vel enim,true
9,quis justo maecenas rhoncus aliquam lacus morbi quis tortor id nulla ultrices aliquet maecenas leo odio,false
10,elementum eu interdum eu tincidunt in leo maecenas pulvinar lobortis,false
11,mauris morbi non lectus aliquam sit amet diam in magna bibendum,true
12,eget tempus vel pede morbi porttitor lorem id ligula suspendisse ornare consequat lectus in est risus auctor sed tristique,false
13,maecenas leo odio condimentum id luctus nec molestie sed justo pellentesque,true
14,erat id mauris vulputate elementum nullam varius nulla facilisi cras non velit nec nisi vulputate nonummy maecenas tincidunt lacus at,true
15,accumsan tellus nisi eu orci mauris lacinia sapien quis libero nullam sit amet turpis,true
16,etiam pretium iaculis justo in hac habitasse platea dictumst etiam faucibus,false
17,sit amet cursus id turpis integer aliquet massa id lobortis convallis tortor risus dapibus augue vel accumsan tellus nisi,false
18,eget vulputate ut ultrices vel augue vestibulum ante ipsum primis in faucibus orci luctus et ultrices posuere,true
19,luctus ultricies eu nibh quisque id justo sit amet sapien dignissim vestibulum vestibulum ante,true
20,diam neque vestibulum eget vulputate ut ultrices vel augue vestibulum ante ipsum primis in faucibus orci luctus et ultrices posuere,true
